{
    "text_block": {
        "all": {
            "Edit_dist": {
                "ALL_page_avg": 0.08655955900877416,
                "edit_whole": 0.22789683083726872,
                "edit_sample_avg": 0.13736486158914538
            }
        },
        "group": {
            "Edit_dist": {
                "equation_language: equation_ch": 0.0,
                "equation_language: equation_en": 0.6666666666666666,
                "formula_type: handwriting": 0.0,
                "formula_type: print": 0.2222222222222222,
                "text_background: multi_colored": 0.16595342010621142,
                "text_background: single_colored": 0.14843949454017685,
                "text_background: white": 0.12827788394353618,
                "text_language: text_en_ch_mixed": 0.15412138046216492,
                "text_language: text_english": 0.41883268538622986,
                "text_language: text_simplified_chinese": 0.1312871095585081,
                "text_rotate: horizontal": 0.7445737219325986,
                "text_rotate: normal": 0.12609480691676156,
                "text_rotate: rotate270": 0.9999871967223609
            },
            "sample_count": {
                "equation_language: equation_ch": 5,
                "equation_language: equation_en": 1,
                "formula_type: handwriting": 3,
                "formula_type: print": 3,
                "text_background: multi_colored": 702,
                "text_background: single_colored": 392,
                "text_background: white": 6499,
                "text_language: text_en_ch_mixed": 39,
                "text_language: text_english": 39,
                "text_language: text_simplified_chinese": 7509,
                "text_rotate: horizontal": 43,
                "text_rotate: normal": 7518,
                "text_rotate: rotate270": 30
            }
        },
        "page": {
            "Edit_dist": {
                "ALL": 0.08655955900877416,
                "None": 0.06776260776535112,
                "colorful_backgroud": 0.08092448816905616,
                "data_source: PPT2PDF": 0.07697528825623046,
                "data_source: book": 0.03512168059817556,
                "data_source: colorful_textbook": 0.10256107071881694,
                "data_source: exam_paper": 0.10653066302340522,
                "data_source: magazine": 0.06112320434630095,
                "data_source: newspaper": 0.14234254150731562,
                "data_source: note": 0.13118596539588973,
                "data_source: research_report": 0.014242994682118159,
                "fuzzy_scan": 0.08372210513715726,
                "language: simplified_chinese": 0.08655955900877416,
                "layout: 1andmore_column": 0.03452936012646487,
                "layout: double_column": 0.08991205566521128,
                "layout: other_layout": 0.1476156367996655,
                "layout: single_column": 0.06427158750542888,
                "layout: three_column": 0.052026591641356625,
                "watermark": 0.13322574915536636
            }
        }
    },
    "display_formula": {
        "all": {
            "Edit_dist": {
                "ALL_page_avg": 0.3456738208694225,
                "edit_whole": 0.3004302103250478,
                "edit_sample_avg": 0.23867458873493355
            }
        },
        "group": {
            "Edit_dist": {
                "equation_language: equation_ch": 0.3881267822707539,
                "equation_language: equation_en": 0.22832789841322298,
                "formula_type: handwriting": 0.5347222222222222,
                "formula_type: print": 0.23652931602850397
            },
            "sample_count": {
                "equation_language: equation_ch": 9,
                "equation_language: equation_en": 130,
                "formula_type: handwriting": 1,
                "formula_type: print": 138
            }
        },
        "page": {
            "Edit_dist": {
                "ALL": 0.34567382086942244,
                "None": 0.196403186149656,
                "colorful_backgroud": 0.385164661918239,
                "data_source: PPT2PDF": 0.6067006982338791,
                "data_source: book": 0.40190947666195187,
                "data_source: colorful_textbook": 0.25033736876781953,
                "data_source: exam_paper": 0.3434665341185988,
                "fuzzy_scan": 0.5182662118861645,
                "language: simplified_chinese": 0.34567382086942244,
                "layout: 1andmore_column": 0.4679697209354875,
                "layout: double_column": 0.35521980035876743,
                "layout: other_layout": 0.25808465875143183,
                "layout: single_column": 0.38163993134680324,
                "watermark": 0.5533636399571851
            }
        }
    },
    "table": {
        "all": {
            "TEDS": {
                "all": 0.892532814907879
            },
            "TEDS_structure_only": {
                "all": 0.9190529804033343
            },
            "Edit_dist": {
                "ALL_page_avg": 0.08081140267115552,
                "edit_whole": 0.16293506102154587,
                "edit_sample_avg": 0.09051722954037697
            }
        },
        "group": {
            "Edit_dist": {
                "include_background: False": 0.08292318942272457,
                "include_background: True": 0.10151549453835623,
                "include_equation: False": 0.090037862299849,
                "include_equation: True": 0.09442948476146044,
                "include_photo: False": 0.09051722954037694,
                "language: table_en_ch_mixed": 0.12562228138647094,
                "language: table_simplified_chinese": 0.08923602326862173,
                "line: fewer_line": 0.1171150677109713,
                "line: full_line": 0.08591146788430985,
                "line: less_line": 0.06703189946613862,
                "line: wireless_line": 0.07199892122194099,
                "table_layout: horizontal": 0.08676429605439501,
                "table_layout: vertical": 0.6196808510638298,
                "with_span: False": 0.07489716074775658,
                "with_span: True": 0.1283441431225058,
                "with_structured_text: False": 0.08079254679121471,
                "with_structured_text: True": 0.31094337185472243
            },
            "TEDS": {
                "include_background: False": 0.9103018362426188,
                "include_background: True": 0.8667983702161873,
                "include_equation: False": 0.8935855316745669,
                "include_equation: True": 0.8839412877474913,
                "include_photo: False": 0.892532814907879,
                "language: table_en_ch_mixed": 0.9139903738763333,
                "language: table_simplified_chinese": 0.8917496923177893,
                "line: fewer_line": 0.8603676850902242,
                "line: full_line": 0.9049811073250563,
                "line: less_line": 0.8959556109532903,
                "line: wireless_line": 0.9168397690272692,
                "table_layout: horizontal": 0.8978345772404255,
                "table_layout: vertical": 0.14498432601880906,
                "with_span: False": 0.9090091561799516,
                "with_span: True": 0.85263227761045,
                "with_structured_text: False": 0.8998159704576354,
                "with_structured_text: True": 0.7274479557800632
            },
            "TEDS_structure_only": {
                "include_background: False": 0.9307681580578892,
                "include_background: True": 0.9020861713863938,
                "include_equation: False": 0.914315061432757,
                "include_equation: True": 0.9577205126470774,
                "include_photo: False": 0.9190529804033343,
                "language: table_en_ch_mixed": 0.953273291925466,
                "language: table_simplified_chinese": 0.9178040639244245,
                "line: fewer_line": 0.8843401402086324,