{
    "docstructbench_dianzishu_zhongwenzaixian-o.O-61569751.pdf_155.jpg": 0.4752475247524752,
    "jiaocai_71434495.pdf_0.jpg": 0.06904761904761905,
    "jiaocaineedrop_20608808.pdf_0.jpg": 0.19851116625310175,
    "jiaocaineedrop_33137159.pdf_3.jpg": 0.08311688311688312,
    "jiaocaineedrop_38247658.pdf_0.jpg": 0.8449612403100775,
    "jiaocaineedrop_42351289.pdf_1.jpg": 0.08045977011494253,
    "jiaocaineedrop_j70ke43p.pdf_69.jpg": 0.2042755344418052,
    "jiaocaineedrop_jiaocai_needrop_en_1198.jpg": 0.2434077079107505,
    "jiaocaineedrop_jiaocai_needrop_en_1253.jpg": 0.32894736842105265,
    "jiaocaineedrop_jiaocai_needrop_en_1276.jpg": 0.4339622641509434,
    "jiaocaineedrop_jiaocai_needrop_en_1290.jpg": 0.0,
    "jiaocaineedrop_jiaocai_needrop_en_1349.jpg": 0.7391304347826086,
    "jiaocaineedrop_jiaocai_needrop_en_1363.jpg": 0.3971631205673759,
    "jiaocaineedrop_jiaocai_needrop_en_1496.jpg": 0.1526479750778816,
    "jiaocaineedrop_jiaocai_needrop_en_1539.jpg": 0.5573770491803278,
    "jiaocaineedrop_jiaocai_needrop_en_1910.jpg": 0.40480274442538594,
    "jiaocaineedrop_jiaocai_needrop_en_2211.jpg": 0.616580310880829,
    "jiaocaineedrop_jiaocai_needrop_en_250.jpg": 0.5783132530120482,
    "jiaocaineedrop_jiaocai_needrop_en_2718.jpg": 0.047619047619047616,
    "jiaocaineedrop_jiaocai_needrop_en_2893.jpg": 0.03773584905660377,
    "jiaocaineedrop_jiaocai_needrop_en_3009.jpg": 0.32857142857142857,
    "jiaocaineedrop_jiaocai_needrop_en_3063.jpg": 0.13227513227513227,
    "jiaocaineedrop_jiaocai_needrop_en_3303.jpg": 0.8982035928143712,
    "jiaocaineedrop_jiaocai_needrop_en_3458.jpg": 0.32439024390243903,
    "jiaocaineedrop_jiaocai_needrop_en_541.jpg": 0.09195402298850575,
    "jiaocaineedrop_jiaocai_needrop_en_546.jpg": 0.11574074074074074,
    "jiaocaineedrop_jiaocai_needrop_en_913.jpg": 0.32873563218390806,
    "jiaocaineedrop_jiaocai_needrop_en_999.jpg": 0.1826086956521739,
    "yanbaopptmerge_yanbaoPPT_2460.jpg": 0.6622073578595318,
    "yanbaopptmerge_yanbaoPPT_4310.jpg": 0.15789473684210525,
    "yanbaopptmerge_yanbaoPPT_4710.jpg": 1.0
}