{
    "text_block": {
        "all": {
            "Edit_dist": {
                "ALL_page_avg": 0.05482177185562158,
                "edit_whole": 0.14884655653383738,
                "edit_sample_avg": 0.16549269160757304
            }
        },
        "group": {
            "Edit_dist": {
                "equation_language: equation_en": 0.2708514661293749,
                "formula_type: print": 0.2708514661293749,
                "text_background: multi_colored": 0.11541171655077052,
                "text_background: single_colored": 0.20138689997099013,
                "text_background: white": 0.16215644224060038,
                "text_language: other": 0.0037735849056603774,
                "text_language: text_en_ch_mixed": 0.08531125080746817,
                "text_language: text_english": 0.1640418171646903,
                "text_language: text_simplified_chinese": 0.15577796790629533,
                "text_rotate: horizontal": 1.0,
                "text_rotate: normal": 0.16373314838242045,
                "text_rotate: rotate270": 0.0
            },
            "sample_count": {
                "equation_language: equation_en": 30,
                "formula_type: print": 30,
                "text_background: multi_colored": 165,
                "text_background: single_colored": 341,
                "text_background: white": 5249,
                "text_language: other": 2,
                "text_language: text_en_ch_mixed": 29,
                "text_language: text_english": 5631,
                "text_language: text_simplified_chinese": 70,
                "text_rotate: horizontal": 1,
                "text_rotate: normal": 5710,
                "text_rotate: rotate270": 1
            }
        },
        "page": {
            "Edit_dist": {
                "ALL": 0.05482177185562158,
                "None": 0.05510069552380138,
                "colorful_backgroud": 0.030638798385343117,
                "data_source: PPT2PDF": 0.02387637448492669,
                "data_source: academic_literature": 0.012226956083527514,
                "data_source: book": 0.060479559974519946,
                "data_source: colorful_textbook": 0.07844283749968418,
                "data_source: exam_paper": 0.015334995079558343,
                "data_source: magazine": 0.023775807997021833,
                "data_source: newspaper": 0.21738772688213268,
                "fuzzy_scan": 0.053481887888428954,
                "language: english": 0.05482177185562158,
                "layout: 1andmore_column": 0.02501922093178111,
                "layout: double_column": 0.008809612857650681,
                "layout: other_layout": 0.1253929022172744,
                "layout: single_column": 0.030284290609938074,
                "layout: three_column": 0.11346292833451593,
                "watermark": 0.011065825449499403
            }
        }
    },
    "display_formula": {
        "all": {
            "Edit_dist": {
                "ALL_page_avg": 0.19334984562436724,
                "edit_whole": 0.2018160271068752,
                "edit_sample_avg": 0.19113450549107913
            }
        },
        "group": {
            "Edit_dist": {
                "equation_language: equation_ch": 0.07755917091776485,
                "equation_language: equation_en": 0.19206983177580092,
                "formula_type: print": 0.1911345054910795
            },
            "sample_count": {
                "equation_language: equation_ch": 7,
                "equation_language: equation_en": 850,
                "formula_type: print": 857
            }
        },
        "page": {
            "Edit_dist": {
                "ALL": 0.19334984562436724,
                "None": 0.19011144816107753,
                "colorful_backgroud": 0.2687786422484607,
                "data_source: PPT2PDF": 0.23803034553009556,
                "data_source: academic_literature": 0.24879057823658637,
                "data_source: book": 0.22284410025259174,
                "data_source: colorful_textbook": 0.23294723294723294,
                "data_source: exam_paper": 0.14187130145166554,
                "language: english": 0.19334984562436724,
                "layout: 1andmore_column": 0.14893102789537335,
                "layout: double_column": 0.15389386098670332,
                "layout: other_layout": 0.2979533048836181,
                "layout: single_column": 0.21204840223359075,
                "layout: three_column": 0.629205265724037,
                "watermark": 0.15671641791044777
            }
        }
    },
    "table": {
        "all": {
            "TEDS": {
                "all": 0.6171847123858515
            },
            "TEDS_structure_only": {
                "all": 0.6668041916937593
            },
            "Edit_dist": {
                "ALL_page_avg": 0.17415980045202845,
                "edit_whole": 0.31589280646302537,
                "edit_sample_avg": 0.3489696295904708
            }
        },
        "group": {
            "Edit_dist": {
                "include_background: False": 0.40092443039630904,
                "include_background: True": 0.12289603689479606,
                "include_equation: False": 0.4139631421802589,
                "include_equation: True": 0.1664878442422193,
                "include_photo: False": 0.3489696295904708,
                "language: table_en": 0.3393615613224845,
                "language: table_en_ch_mixed": 0.01592356687898089,
                "language: table_simplified_chinese": 0.586676618156348,
                "line: fewer_line": 0.27656187399997234,
                "line: full_line": 0.18001217525479615,
                "line: less_line": 0.14248303405664192,
                "line: wireless_line": 0.8753437697446552,
                "table_layout: horizontal": 0.35294184837371523,
                "table_layout: vertical": 0.1956419845572341,
                "with_span: False": 0.4269043279559435,
                "with_span: True": 0.19310023285952516,
                "with_structured_text: False": 0.13288398887473546,
                "with_structured_text: True": 0.11535300382133684
            },
            "TEDS": {
                "include_background: False": 0.5640389507448196,
                "include_background: True": 0.8484405941211535,
                "include_equation: False": 0.5586510876809924,
                "include_equation: True": 0.7815291202110323,
                "include_photo: False": 0.6171847123858515,
                "language: table_en": 0.6257753973486725,
                "language: table_en_ch_mixed": 0.9897252138105797,
                "language: table_simplified_chinese": 0.3963414596708441,
                "line: fewer_line": 0.6735073714162938,
                "line: full_line": 0.8048550655480724,
                "line: less_line": 0.8255071708989294,
                "line: wireless_line": 0.1078067019197968,
                "table_layout: horizontal": 0.612045629924724,
                "table_layout: vertical": 0.8155532953853729,
                "with_span: False": 0.5551317127100103,
                "with_span: True": 0.7412907117375338,
                "with_structured_text: False": 0.8184261281337403,
                "with_structured_text: True": 0.8114869201775055
            },
            "TEDS_structure_only": {
                "include_background: False": 0.6135625874547594,
                "include_background: True": 0.8984771182472452,
                "include_equation: False": 0.5867812360929681,
                "include_equation: True": 0.8914840285729037,
                "include_photo: False": 0.6668041916937593,
                "language: table_en": 0.6762677716301885,
                "language: table_en_ch_mixed": 1.0,
                "language: table_simplified_chinese": 0.43209876543209874,
                "line: fewer_line": 0.7409224466900334,
                "line: full_line": 0.831580261236206,