{
    "PPT_8076_MEYER_Chapter_2_-_Language_Change_page_012.png": 0.5557553956834532,
    "PPT_8076_MEYER_Chapter_2_-_Language_Change_page_014.png": 0.0036363636363636364,
    "PPT_8076_MEYER_Chapter_2_-_Language_Change_page_021.png": 1.0,
    "PPT_Catalysis.ppt_page_016.png": 0.3961456102783726,
    "PPT_LEP power point presentation-English-FINAL-10-31-07_page_010.png": 0.13897467572575664,
    "PPT_LEP power point presentation-English-FINAL-10-31-07_page_011.png": 0.14180749448934607,
    "PPT_PresentationSpecification_page_010.png": 0.04218362282878412,
    "book_en_[搬书匠#893][Pyomo—Optimization Modeling in Python].2012.英文版_page_188.png": 0.0,
    "book_en_国外数学教材-数论-Melvyn B. Nathanson—Elementary Methods in Number Theory_0100.png": 0.05481120584652863,
    "color_textbook_zhonggaokao_小学_13.人教新起点英语（4-5年级）_人教新起点五年级英语上册_课本_人教新起点英语5A电子课本_page_006.png": 0.38671875,
    "color_textbook_zhonggaokao_小学_13.人教新起点英语（4-5年级）_人教新起点五年级英语上册_课本_人教新起点英语5A电子课本_page_056.png": 0.16728624535315986,
    "color_textbook_zhonggaokao_小学_13.人教新起点英语（4-5年级）_人教新起点五年级英语下册_课本_人教新起点英语5B电子课本_page_011.png": 0.01856763925729443,
    "color_textbook_zhonggaokao_小学_13.人教新起点英语（4-5年级）_人教新起点五年级英语下册_课本_人教新起点英语5B电子课本_page_036.png": 0.022508038585209004,
    "color_textbook_zhonggaokao_小学_13.人教新起点英语（4-5年级）_人教新起点五年级英语下册_课本_人教新起点英语5B电子课本_page_076.png": 0.1267605633802817,
    "docstructbench_dianzishu_zhongwenzaixian-o.O-63710191.pdf_336.jpg": 0.002967359050445104,
    "docstructbench_enbook-zlib-o.O-17761417.pdf_894.jpg": 0.12247071352502663,
    "docstructbench_llm-raw-scihub-o.O-bf03175144.pdf_4.jpg": 0.2960689410931413,
    "docstructbench_llm-raw-scihub-o.O-ceat.200407001.pdf_3.jpg": 0.19583333333333333,
    "docstructbench_llm-raw-scihub-o.O-ceat.200600266.pdf_2.jpg": 0.12933753943217666,
    "docstructbench_llm-raw-scihub-o.O-ceat.200600410.pdf_5.jpg": 0.008845437616387336,
    "docstructbench_llm-raw-scihub-o.O-ceat.200600410.pdf_8.jpg": 0.09433962264150944,
    "docstructbench_llm-raw-scihub-o.O-chem.200700285.pdf_4.jpg": 0.1952191235059761,
    "docstructbench_llm-raw-scihub-o.O-hup.777.pdf_7.jpg": 0.024812834224598932,
    "docstructbench_llm-raw-scihub-o.O-hup.777.pdf_8.jpg": 0.15142314990512334,
    "docstructbench_llm-raw-scihub-o.O-hup.908.pdf_5.jpg": 0.08226495726495726,
    "docstructbench_llm-raw-scihub-o.O-ijc.22994.pdf_3.jpg": 0.10221035454680315,
    "docstructbench_llm-raw-scihub-o.O-j.1444-2906.2002.00466.x.pdf_4.jpg": 0.19291635267520724,
    "docstructbench_llm-raw-scihub-o.O-j.chroma.2005.02.018.pdf_6.jpg": 0.0009819324430479183,
    "docstructbench_llm-raw-scihub-o.O-j.chroma.2005.03.134.pdf_6.jpg": 0.7050632911392405,
    "docstructbench_llm-raw-scihub-o.O-j.chroma.2005.05.085.pdf_4.jpg": 0.08396946564885496,
    "docstructbench_llm-raw-scihub-o.O-j.chroma.2005.08.021.pdf_7.jpg": 0.027874564459930314,
    "docstructbench_llm-raw-scihub-o.O-j.eswa.2008.01.070.pdf_5.jpg": 0.029240898528272656,
    "docstructbench_llm-raw-scihub-o.O-s00128-007-9171-1.pdf_3.jpg": 0.07582600427858331,
    "docstructbench_llm-raw-scihub-o.O-s00128-008-9367-z.pdf_4.jpg": 0.17532741867342627,
    "docstructbench_llm-raw-scihub-o.O-s00128-010-0006-0.pdf_5.jpg": 0.13848039215686275,
    "docstructbench_llm-raw-scihub-o.O-s001280000131.pdf_5.jpg": 0.2368951612903226,
    "docstructbench_llm-raw-scihub-o.O-s00348-003-0689-7.pdf_3.jpg": 0.030418250950570342,
    "docstructbench_llm-raw-scihub-o.O-s00374-003-0589-2.pdf_6.jpg": 0.21690767519466073,
    "docstructbench_llm-raw-scihub-o.O-s00374-004-0768-9.pdf_2.jpg": 0.2582897033158813,
    "docstructbench_llm-raw-scihub-o.O-s00374-006-0103-8.pdf_11.jpg": 0.006535947712418301,
    "docstructbench_llm-raw-scihub-o.O-s003950050126.pdf_6.jpg": 0.01506294964028777,
    "docstructbench_llm-raw-scihub-o.O-s00396-003-0935-9.pdf_2.jpg": 0.0025210084033613447,
    "docstructbench_llm-raw-scihub-o.O-s0167-8655%2800%2900107-0.pdf_6.jpg": 0.039568345323741004,
    "docstructbench_llm-raw-scihub-o.O-s0167-8655%2801%2900019-8.pdf_10.jpg": 0.11147362697117999,
    "docstructbench_llm-raw-scihub-o.O-s0362-546x%2897%2900070-9.pdf_7.jpg": 0.18432971014492755,
    "docstructbench_llm-raw-scihub-o.O-s10555-005-1578-8.pdf_5.jpg": 0.12584573748308525,
    "docstructbench_llm-raw-scihub-o.O-s10653-010-9369-8.pdf_11.jpg": 0.05302303262955854,
    "docstructbench_llm-raw-the-eye-o.O-1995_2418.pdf_1.jpg": 0.04672897196261682,
    "docstructbench_llm-raw-the-eye-o.O-Character%20Sheet%20-%20Form%20Fillable.pdf_2.jpg": 0.4972747675537031,
    "docstructbench_llm-raw-the-eye-o.O-Player%27s%20Options%20-%20Halflings.pdf_11.jpg": 0.06779661016949153,
    "docstructbench_llm-raw-the-eye-o.O-TFT-Traveller.pdf_6.jpg": 0.019119351100811123,
    "docstructbench_llm-raw-the-eye-o.O-TraneGuide.pdf_7.jpg": 0.007246376811594203,
    "docstructbench_llm-raw-the-eye-o.O-chap08.pdf_12.jpg": 0.014446227929373997,
    "exam_paper_en-file-putnam-archive_2002_Solutions_2002s_page_001.png": 0.0,
    "jiaocai_jiaocai_en_595.jpg": 0.01592356687898089,
    "jiaocai_jiaocai_en_91.jpg": 0.0,
    "jiaocaineedrop_2005_QP.pdf_5.jpg": 0.05128205128205128,
    "jiaocaineedrop_Chapter9.pdf_46.jpg": 0.07636363636363637,
    "jiaocaineedrop_biz-96816.pdf_48.jpg": 0.0037105751391465678,
    "jiaocaineedrop_ced6f3c05e1dfefa8455fa60aacdd2d76ffd79489b631c2dbde22a74e927544b.pdf_84.jpg": 0.10823529411764705,
    "jiaocaineedrop_chap02.pdf_16.jpg": 0.0,
    "jiaocaineedrop_chap5.pdf_4.jpg": 0.19753086419753085,
    "jiaocaineedrop_chem-323236.pdf_183.jpg": 0.011730205278592375,
    "jiaocaineedrop_chem-354334.pdf_20.jpg": 0.008130081300813009,
    "jiaocaineedrop_jiaocai_needrop_en_1898.jpg": 0.000835421888053467,
    "jiaocaineedrop_jiaocai_needrop_en_854.jpg": 0.009845288326300985,
    "jiaocaineedrop_socialsci-74973.pdf_31.jpg": 0.02891566265060241,
    "magazine_TheEconomist.2024.02.24_page_076.png": 0.25994494150034414,
    "newspaper_2a6b4fa088699701a6fa9ccecfb5c25d_1.jpg": 0.34600760456273766,
    "newspaper_2a6b4fa088699701a6fa9ccecfb5c25d_18.jpg": 0.21595703874184888,
    "newspaper_2a6b4fa088699701a6fa9ccecfb5c25d_2.jpg": 0.1814445096887845,
    "newspaper_Chicago Tribune_0801@magazinesclubnew_page_019.png": 1.0,
    "newspaper_Daily Star 2025-1-8@magazinesclubnew_page_060.png": 1.0,
    "newspaper_The Globe and Mail - 2025-1-8@magazinesclubnew_page_014.png": 0.9805004508566276,
    "newspaper_The Guardian UK_0801@magazinesclubnew_page_052.png": 1.0,
    "newspaper_The Times UK_0801@magazinesclubnew_page_031.png": 0.03283582089552239,
    "newspaper_TheBostonGlobe-2025-1-8@magazinesclubnew_page_025.png": 1.0,
    "newspaper_bf784eedb0c377adb9a0f286954af785_2.jpg": 0.09216909216909216,
    "newspaper_fe5ed29024932fad071afc53807b16ba_2.jpg": 0.2302568981921979,
    "newspaper_fe5ed29024932fad071afc53807b16ba_4.jpg": 0.11764705882352941,
    "scihub_AEM.01420-09.pdf_3.jpg": 0.5147736513960423,
    "scihub_TNANO.2007.893575.pdf_0.jpg": 0.3179347826086957,
    "scihub_bloodadvances.2019030924.pdf_3.jpg": 0.08901884340480831,
    "scihub_carcin%2Fbgh032.pdf_2.jpg": 0.17717206132879046,
    "scihub_iccwamtip51612.2020.9317329.pdf_4.jpg": 0.03676470588235294,
    "scihub_ie102256j.pdf_4.jpg": 0.12066365007541478,
    "scihub_ijcac.2012040101.pdf_5.jpg": 0.002770083102493075,
    "scihub_ijop.12033.pdf_5.jpg": 0.12420225822287678,
    "scihub_j.1528-1167.2008.01552.x.pdf_3.jpg": 0.3199452304883615,
    "scihub_j.cbpb.2019.110324.pdf_6.jpg": 0.0728862973760933,
    "scihub_j.ejcts.2011.04.042.pdf_3.jpg": 0.005707762557077625,
    "scihub_j.jallcom.2003.09.015.pdf_1.jpg": 0.23692077727952168,
    "scihub_j.jmb.2003.10.009.pdf_4.jpg": 0.1903735632183908,
    "scihub_jai.12343.pdf_3.jpg": 0.04308035714285714,
    "scihub_jb%2Fmvh022.pdf_1.jpg": 0.0262572318647085,
    "scihub_jgh.13044.pdf_2.jpg": 0.07261029411764706,
    "scihub_jneurosci.16-15-04625.1996.pdf_2.jpg": 0.597843841881738,
    "scihub_journal.pone.0166577.pdf_5.jpg": 0.03654743390357698,
    "scihub_jps.21547.pdf_7.jpg": 0.09451219512195122,