{
    "book_zh_CNASGL0072018_extracted_page_48.png": 0.19308943089430894,
    "book_zh_CNASGL0092018_extracted_page_70.png": 0.2106782106782107,
    "book_zh_CNASGL0092018_extracted_page_73.png": 0.07751937984496124,
    "book_zh_CNASGL0262018_extracted_page_82.png": 0.08853410740203194,
    "book_zh_CNASGL082006_extracted_page_50.png": 0.20631067961165048,
    "book_zh_DLT10562007_extracted_page_17.png": 0.10888252148997135,
    "book_zh_DLT10902008_extracted_page_8.png": 0.10368663594470046,
    "book_zh_GB115041989_extracted_page_9.png": 0.22660098522167488,
    "book_zh_GB12082006_extracted_page_8.png": 0.2692307692307692,
    "book_zh_GB14536.11998_extracted_page_145.png": 0.32608695652173914,
    "book_zh_GB14930.21994_extracted_page_4.png": 0.125,
    "book_zh_GB149361994_extracted_page_7.png": 0.19130434782608696,
    "book_zh_GBT 50744-2011_extracted_page_67.png": 0.35772357723577236,
    "book_zh_HGT51022016_extracted_page_12.png": 0.08333333333333333,
    "book_zh_JGJ1022003_extracted_page_27.png": 0.18106995884773663,
    "book_zh_JJD10031991_extracted_page_6.png": 0.35467980295566504,
    "book_zh_SYT57941993_extracted_page_3.png": 0.14166666666666666,
    "book_zh_TB100782001_extracted_page_21.png": 0.2037533512064343,
    "book_zh_YDT10512018_extracted_page_30.png": 0.14953271028037382,
    "docstructbench_dianzishu_zhongwenzaixian-o.O-61520788.pdf_391.jpg": 1.0,
    "jiaocai_71434495.pdf_0.jpg": 0.2503974562798092,
    "jiaocaineedrop_20608808.pdf_0.jpg": 0.10204081632653061,
    "jiaocaineedrop_33137159.pdf_3.jpg": 0.3016759776536313,
    "jiaocaineedrop_38247658.pdf_0.jpg": 0.7771317829457365,
    "jiaocaineedrop_42351289.pdf_1.jpg": 0.45977011494252873,
    "jiaocaineedrop_j70ke43p.pdf_69.jpg": 0.2042755344418052,
    "jiaocaineedrop_jiaocai_needrop_en_1198.jpg": 0.2650103519668737,
    "jiaocaineedrop_jiaocai_needrop_en_1253.jpg": 0.3815789473684211,
    "jiaocaineedrop_jiaocai_needrop_en_1276.jpg": 0.5,
    "jiaocaineedrop_jiaocai_needrop_en_1290.jpg": 1.0,
    "jiaocaineedrop_jiaocai_needrop_en_1349.jpg": 0.2608695652173913,
    "jiaocaineedrop_jiaocai_needrop_en_1363.jpg": 0.5384615384615384,
    "jiaocaineedrop_jiaocai_needrop_en_1496.jpg": 1.0,
    "jiaocaineedrop_jiaocai_needrop_en_1539.jpg": 0.6190476190476191,
    "jiaocaineedrop_jiaocai_needrop_en_1910.jpg": 0.2881646655231561,
    "jiaocaineedrop_jiaocai_needrop_en_2211.jpg": 1.0,
    "jiaocaineedrop_jiaocai_needrop_en_250.jpg": 0.10810810810810811,
    "jiaocaineedrop_jiaocai_needrop_en_2718.jpg": 0.13333333333333333,
    "jiaocaineedrop_jiaocai_needrop_en_2893.jpg": 0.42857142857142855,
    "jiaocaineedrop_jiaocai_needrop_en_3009.jpg": 0.6118421052631579,
    "jiaocaineedrop_jiaocai_needrop_en_3063.jpg": 0.5190839694656488,
    "jiaocaineedrop_jiaocai_needrop_en_3303.jpg": 1.0,
    "jiaocaineedrop_jiaocai_needrop_en_3458.jpg": 0.35365853658536583,
    "jiaocaineedrop_jiaocai_needrop_en_541.jpg": 0.09195402298850575,
    "jiaocaineedrop_jiaocai_needrop_en_546.jpg": 1.0,
    "jiaocaineedrop_jiaocai_needrop_en_913.jpg": 0.3724137931034483,
    "jiaocaineedrop_jiaocai_needrop_en_999.jpg": 0.1391304347826087,
    "notes_1ba14cb325bc448f7201b20502ecf2b5_16.jpg": 1.0,
    "yanbaopptmerge_yanbaoPPT_2460.jpg": 0.18238993710691823,
    "yanbaopptmerge_yanbaoPPT_4310.jpg": 0.13513513513513514,
    "yanbaopptmerge_yanbaoPPT_4710.jpg": 0.15384615384615385
}