{
    "book_zh_CNASGL0262018_extracted_page_82.png": 0.0,
    "book_zh_CNASGL082006_extracted_page_50.png": 0.15040650406504066,
    "book_zh_DLT10902008_extracted_page_8.png": 0.11194029850746269,
    "book_zh_GB115041989_extracted_page_9.png": 0.07991803278688525,
    "book_zh_GB14536.11998_extracted_page_145.png": 0.24233128834355827,
    "book_zh_HGT51022016_extracted_page_12.png": 0.08762886597938144,
    "book_zh_YDT10512018_extracted_page_30.png": 0.02390438247011952,
    "docstructbench_dianzishu_zhongwenzaixian-o.O-60368448.pdf_343.jpg": 0.002844950213371266,
    "docstructbench_dianzishu_zhongwenzaixian-o.O-60403612.pdf_179.jpg": 0.136686207960506,
    "docstructbench_dianzishu_zhongwenzaixian-o.O-60482015.pdf_56.jpg": 0.03737166324435318,
    "docstructbench_dianzishu_zhongwenzaixian-o.O-61323717.pdf_203.jpg": 0.08083832335329341,
    "docstructbench_dianzishu_zhongwenzaixian-o.O-61510621.pdf_161.jpg": 0.06151645207439199,
    "docstructbench_dianzishu_zhongwenzaixian-o.O-61518266.pdf_149.jpg": 0.7574901768172888,
    "docstructbench_dianzishu_zhongwenzaixian-o.O-61520553.pdf_328.jpg": 0.0,
    "docstructbench_dianzishu_zhongwenzaixian-o.O-61520612.pdf_140.jpg": 0.016181229773462782,
    "docstructbench_dianzishu_zhongwenzaixian-o.O-61520779.pdf_76.jpg": 0.09209864116758933,
    "docstructbench_dianzishu_zhongwenzaixian-o.O-61520788.pdf_391.jpg": 0.0035714285714285713,
    "docstructbench_dianzishu_zhongwenzaixian-o.O-61520814.pdf_185.jpg": 0.00535475234270415,
    "docstructbench_dianzishu_zhongwenzaixian-o.O-61521384.pdf_750.jpg": 0.020026702269692925,
    "docstructbench_dianzishu_zhongwenzaixian-o.O-61521429.pdf_358.jpg": 0.0007621951219512195,
    "docstructbench_dianzishu_zhongwenzaixian-o.O-61521600.pdf_210.jpg": 0.32786885245901637,
    "docstructbench_dianzishu_zhongwenzaixian-o.O-61522126.pdf_206.jpg": 0.017585931254996003,
    "docstructbench_dianzishu_zhongwenzaixian-o.O-61522235.pdf_170.jpg": 0.020604395604395604,
    "docstructbench_dianzishu_zhongwenzaixian-o.O-61523162.pdf_276.jpg": 0.12813941568426448,
    "docstructbench_dianzishu_zhongwenzaixian-o.O-61569751.pdf_155.jpg": 0.002066115702479339,
    "docstructbench_dianzishu_zhongwenzaixian-o.O-61570078.pdf_315.jpg": 0.016443361753958587,
    "docstructbench_dianzishu_zhongwenzaixian-o.O-61571237.pdf_81.jpg": 0.0,
    "docstructbench_dianzishu_zhongwenzaixian-o.O-61571259.pdf_239.jpg": 0.12217194570135746,
    "docstructbench_dianzishu_zhongwenzaixian-o.O-63674848.pdf_101.jpg": 0.0,
    "docstructbench_dianzishu_zhongwenzaixian-o.O-63675767.pdf_66.jpg": 0.0,
    "docstructbench_dianzishu_zhongwenzaixian-o.O-63677793.pdf_332.jpg": 0.02694300518134715,
    "docstructbench_dianzishu_zhongwenzaixian-o.O-63684502.pdf_263.jpg": 0.06679764243614932,
    "docstructbench_dianzishu_zhongwenzaixian-o.O-63688043.pdf_110.jpg": 0.10051546391752578,
    "docstructbench_dianzishu_zhongwenzaixian-o.O-63708140.pdf_170.jpg": 0.0,
    "docstructbench_dianzishu_zhongwenzaixian-o.O-63709763.pdf_72.jpg": 0.2785714285714286,
    "docstructbench_dianzishu_zhongwenzaixian-o.O-63711094.pdf_34.jpg": 0.0072423398328690805,
    "docstructbench_dianzishu_zhongwenzaixian-o.O-63711094.pdf_56.jpg": 0.0025662959794696323,
    "docstructbench_enbook-zlib-o.O-15322190.pdf_138.jpg": 0.0,
    "eastmoney_0022ae8eddb0de117978289e16ba7fe995dddd3f64aca9e147bb07c848c84aa6.pdf_8.jpg": 0.01079136690647482,
    "eastmoney_03e39833d520af7d1abb96dd624dcd15f2b57d061969d196e80922e2f590503f.pdf_22.jpg": 0.002232142857142857,
    "eastmoney_1746461e6e00efee224a9209974b4bb6de3b11e339e4d86c41569eeddcc3c20e.pdf_8.jpg": 0.16257668711656442,
    "eastmoney_1885ca41425d245551f3482457304f78b48186bff625fa91e675eaf6bba5229f.pdf_0.jpg": 0.04242819843342036,
    "eastmoney_2dea7cdb5a3e018ffec3c80eb4435de524f2a14bd32735b78f563adc355272ab.pdf_6.jpg": 0.001597444089456869,
    "eastmoney_34d623c64d12b5f02ffe4bff74f464b368270b1d6930192876bfe353d8fd6c30.pdf_0.jpg": 1.0,
    "eastmoney_3ad44cb9fef0899c347e83dec4ce05b65deaa17bbe9324bde97c0916afc98e0a.pdf_2.jpg": 0.0011261261261261261,
    "eastmoney_5c22c7d248262382ae63af18e9ef65bd26ffdf78c2f3af32137e0b4f92a0ba92.pdf_4.jpg": 0.001959503592423253,
    "eastmoney_5f75d8df19ab34c706ae823d8ed54f845b6a693e31c0fae19b16cdd94c32a636.pdf_2.jpg": 0.06931668856767412,
    "eastmoney_5f75d8df19ab34c706ae823d8ed54f845b6a693e31c0fae19b16cdd94c32a636.pdf_3.jpg": 0.0364963503649635,
    "eastmoney_62b4149b1612ce28d20f26cd5c5b2e18f80b26fca6e4452e090376a2fe72eae3.pdf_0.jpg": 0.0036982248520710057,
    "eastmoney_66eea274d39b939da0f10253d279e119d87646f10fd21b3942eaf6c5d93b8134.pdf_0.jpg": 0.058315334773218146,
    "eastmoney_6be3f3cd9e5361946ee49252f12dd57fe7c73df330116d6998e2198ec79a05c9.pdf_2.jpg": 0.16357142857142856,
    "eastmoney_6e1cdb75430fe7d7a7757754d163d1a4a8a1c2a3fca38b74a8a2e8df009f2ce0.pdf_2.jpg": 0.8019748653500898,
    "eastmoney_7c25f92e2ab21d83e1eada0e40a68e3151e7c1c2d673ddb12b0242fa3ab931ab.pdf_13.jpg": 0.0015220700152207,
    "eastmoney_7cae1642250a3dbabfef7624d3424ec6e162ae91c8de4acfa89a9779092b0189.pdf_16.jpg": 0.22176422093981862,
    "eastmoney_7e9f2d3e6d80483c7556fe65fe39f432d669cee3dc80840f126db9c7d7140d52.pdf_1.jpg": 0.0,
    "eastmoney_7f55aa1223310144165074707803522240cf20120b15f5d78fdf61eb4dcefba3.pdf_2.jpg": 0.5334048168921148,
    "eastmoney_8b3e01e3cd92a034f45945887a5170602774a8480effda5bd791451578a93b7d.pdf_5.jpg": 0.00556379821958457,
    "eastmoney_8e0ecdad6ea6edd7014a328fa79e4b69230c1b4f82cc031dd247c3c1c39744cf.pdf_11.jpg": 0.02541589648798521,
    "eastmoney_8f87670d793f4415afca95380e8e46cc8517d6f97fa65a6680308bfc34fa7b5e.pdf_4.jpg": 0.17577948486217804,
    "eastmoney_944c06af0b176ef718ee34d3affee40554920f76210dfbf007972fe9c39074fc.pdf_0.jpg": 0.2975270479134467,
    "eastmoney_a2542ccf95ec3bb51dcc6fb90a7c32b18f883e10a3cb301901a428882d8d2015.pdf_2.jpg": 0.3805309734513274,
    "eastmoney_bd6c2b9aa7ca0ebf8672f8f50e3eacab7f67d0ffa15e0d94b1f3c0d1b5f179b8.pdf_19.jpg": 0.36019339242546333,
    "eastmoney_bdbfdb8a6ab56be3ab1b40009ee648b6d250013ce653c146f2d2023bd8d14772.pdf_26.jpg": 0.1406799531066823,
    "eastmoney_bef4bcf5f2faff08a78d49945e4ac8983320f367c450720c87ab8cc6ed5726e4.pdf_1.jpg": 0.10235294117647059,
    "eastmoney_c07e6795bc92e8782d09bf3af7dc766960a1db2088262126a0856311d95361a2.pdf_6.jpg": 0.0,
    "eastmoney_c1c12db90c6ecfae16a8eafa49caecfbc0e5f5654140320fe127f7c09bde96c9.pdf_1.jpg": 0.10480852289087245,
    "eastmoney_c2abc680754ea4676c752cb3bda24323046ece560f8b23ce66b705887c9bcf9b.pdf_16.jpg": 0.00042589437819420784,
    "eastmoney_c683eb2923c442ad9fd8c1f25abb7b1b35b359611d5b8a07d1eede7a81983769.pdf_21.jpg": 0.45593419506462984,
    "eastmoney_c87249cc61825e8bcd1e0ba5434d32606fecb2ff8302f8602f8d6860fd773252.pdf_1.jpg": 0.06557377049180328,
    "eastmoney_d08a4020e49029cf68b5dbf69e5ecaa40e969f918819c62579e5f4b1a357422f.pdf_3.jpg": 0.024965325936199722,
    "eastmoney_d09a006aa02ddc09299bbb9a1b5efa0d77408191f0c1ff1fca8c80bd6150f806.pdf_17.jpg": 0.001388888888888889,
    "eastmoney_d201644f6fbc869ea857c5d9f8ec38adc54250a94b77d826280b0d1c25d13a13.pdf_4.jpg": 0.0035317860746720484,
    "eastmoney_d2bb183f5254ede5760932ac3118524aa7eddad551935713b435541f1525c1ee.pdf_3.jpg": 0.0012376237623762376,
    "eastmoney_d2bb183f5254ede5760932ac3118524aa7eddad551935713b435541f1525c1ee.pdf_7.jpg": 0.004273504273504274,
    "eastmoney_d64a9204564ad81332a4dc3767365740a00228323d2862604d15cb15b318f3af.pdf_3.jpg": 0.02572347266881029,
    "eastmoney_db7967d371df6e4fb5850f3583fcf255c2ed8ef153e11aa38e0bd020b65f13ac.pdf_1.jpg": 0.002857142857142857,
    "eastmoney_dcf347592d4160dffacffdf00a9c39aa75cf9859205a7543c283d1df8bb14f90.pdf_1.jpg": 0.008156606851549755,
    "eastmoney_dd8f39ced2188b907304224a635ad605689270486020c34636003e57018c01d8.pdf_2.jpg": 0.31842818428184283,
    "eastmoney_df74f4c5f5f8c96ec2c051d34ea5c51686a45b2f1822b2d94982f84c81d25aa3.pdf_17.jpg": 0.2708333333333333,
    "eastmoney_e42b6e1cd2d48113ff4db8854e539d828d632bf9b1757e10cb8ddb2cfc7b1393.pdf_12.jpg": 0.0,
