{
    "text_block": {
        "all": {
            "Edit_dist": {
                "ALL_page_avg": 0.16842192326606392,
                "edit_whole": 0.7256532361382845,
                "edit_sample_avg": 0.5975181111627362
            }
        },
        "group": {
            "Edit_dist": {
                "equation_language: equation_ch": 0.17546897546897547,
                "equation_language: equation_en": 0.5564511146747989,
                "formula_type: print": 0.4525468948913925,
                "text_background: multi_colored": 0.17396581480817433,
                "text_background: single_colored": 0.4660001280921654,
                "text_background: white": 0.6021760219596829,
                "text_language: text_en_ch_mixed": 0.38680885931414005,
                "text_language: text_english": 0.36236007250911084,
                "text_language: text_simplified_chinese": 0.5644482964434173,
                "text_rotate: horizontal": 0.5836550037637318,
                "text_rotate: normal": 0.5622877605585224,
                "text_rotate: rotate270": 0.9888610055272785
            },
            "sample_count": {
                "equation_language: equation_ch": 3,
                "equation_language: equation_en": 8,
                "formula_type: print": 11,
                "text_background: multi_colored": 595,
                "text_background: single_colored": 333,
                "text_background: white": 5830,
                "text_language: text_en_ch_mixed": 46,
                "text_language: text_english": 37,
                "text_language: text_simplified_chinese": 6588,
                "text_rotate: horizontal": 47,
                "text_rotate: normal": 6565,
                "text_rotate: rotate270": 30
            }
        },
        "page": {
            "Edit_dist": {
                "ALL": 0.16842192326606392,
                "None": 0.061655964146262114,
                "colorful_backgroud": 0.06005884402382058,
                "data_source: PPT2PDF": 0.048393341637180474,
                "data_source: book": 0.02293065674388457,
                "data_source: colorful_textbook": 0.10031003685894699,
                "data_source: exam_paper": 0.11498042516864768,
                "data_source: magazine": 0.015586737854454996,
                "data_source: newspaper": 0.9442033689581572,
                "data_source: note": 0.055432131849325605,
                "data_source: research_report": 0.02706548384444711,
                "fuzzy_scan": 0.0500858401842343,
                "language: simplified_chinese": 0.16842192326606392,
                "layout: 1andmore_column": 0.059909259844445395,
                "layout: double_column": 0.0786078513437313,
                "layout: other_layout": 0.5228967854297011,
                "layout: single_column": 0.038641250361330606,
                "layout: three_column": 0.09080468684475686,
                "watermark": 0.10945309441512588
            }
        }
    },
    "display_formula": {
        "all": {
            "Edit_dist": {
                "ALL_page_avg": 0.36816813242464597,
                "edit_whole": 0.31761078998073217,
                "edit_sample_avg": 0.37532291066294815
            }
        },
        "group": {
            "Edit_dist": {
                "equation_language: equation_ch": 0.2610656565058178,
                "equation_language: equation_en": 0.419798888791227,
                "formula_type: handwriting": 0.8819444444444444,
                "formula_type: print": 0.36534022034213043
            },
            "sample_count": {
                "equation_language: equation_ch": 58,
                "equation_language: equation_en": 149,
                "formula_type: handwriting": 4,
                "formula_type: print": 203
            }
        },
        "page": {
            "Edit_dist": {
                "ALL": 0.3681681324246459,
                "None": 0.3041444310284702,
                "colorful_backgroud": 0.36114033223421926,
                "data_source: PPT2PDF": 0.1571237420294024,
                "data_source: book": 0.2481202633550117,
                "data_source: colorful_textbook": 0.3977587116518642,
                "data_source: exam_paper": 0.5008735054262771,
                "data_source: note": 1.0,
                "fuzzy_scan": 0.4706467143384211,
                "language: simplified_chinese": 0.3681681324246459,
                "layout: 1andmore_column": 0.7142857142857143,
                "layout: double_column": 0.40221491001240595,
                "layout: other_layout": 0.561712128626852,
                "layout: single_column": 0.2510406580200798,
                "watermark": 0.6014612199394808
            }
        }
    },
    "table": {
        "all": {
            "TEDS": {
                "all": 0.789951924823763
            },
            "TEDS_structure_only": {
                "all": 0.8283169139006881
            },
            "Edit_dist": {
                "ALL_page_avg": 0.14374356812632014,
                "edit_whole": 0.1872527952798922,
                "edit_sample_avg": 0.17152641734384627
            }
        },
        "group": {
            "Edit_dist": {
                "include_background: False": 0.1883188581008749,
                "include_background: True": 0.14619299378798398,
                "include_equation: False": 0.17175245981552925,
                "include_equation: True": 0.16981780219024292,
                "include_photo: False": 0.17152641734384633,
                "language: table_en_ch_mixed": 0.1454547783433697,
                "language: table_simplified_chinese": 0.1726477781610711,
                "line: fewer_line": 0.19095720930936205,
                "line: full_line": 0.16575674380819216,
                "line: less_line": 0.10493669350867085,
                "line: wireless_line": 0.4269430303648655,
                "table_layout: horizontal": 0.1713027260571387,
                "table_layout: vertical": 0.20384980827310056,
                "with_span: False": 0.1681170421946212,
                "with_span: True": 0.17965341624606895,
                "with_structured_text: False": 0.16672691253614114,
                "with_structured_text: True": 0.3223614887563688
            },
            "TEDS": {
                "include_background: False": 0.7730505046446784,
                "include_background: True": 0.8154497569904875,
                "include_equation: False": 0.7864258744567839,
                "include_equation: True": 0.8166047173035759,
                "include_photo: False": 0.789951924823763,
                "language: table_en_ch_mixed": 0.9230432288961768,
                "language: table_simplified_chinese": 0.7842275676593581,
                "line: fewer_line": 0.7631228396149622,
                "line: full_line": 0.7983554142614298,
                "line: less_line": 0.8531199094913486,
                "line: wireless_line": 0.5626182459515793,
                "table_layout: horizontal": 0.7908483144838993,
                "table_layout: vertical": 0.6604236189340782,
                "with_span: False": 0.80108722826351,
                "with_span: True": 0.7634084689499487,
                "with_structured_text: False": 0.7898506017248507,
                "with_structured_text: True": 0.750412697838768
            },
            "TEDS_structure_only": {
                "include_background: False": 0.8124723700828367,
                "include_background: True": 0.8522203205224467,
                "include_equation: False": 0.8216635821935011,
                "include_equation: True": 0.8786082741579552,
                "include_photo: False": 0.8283169139006881,
                "language: table_en_ch_mixed": 0.9665593281575586,
                "language: table_simplified_chinese": 0.82237100361007,
                "line: fewer_line": 0.8074402246979717,
                "line: full_line": 0.8364532651007509,