{
    "text_block": {
        "all": {
            "Edit_dist": {
                "ALL_page_avg": 0.0744885186449411,
                "edit_whole": 0.13568619743147717,
                "edit_sample_avg": 0.11316172522471125
            }
        },
        "group": {
            "Edit_dist": {
                "equation_language: equation_ch": 0.0,
                "equation_language: equation_en": 0.6111111111111112,
                "formula_type: handwriting": 0.0,
                "formula_type: print": 0.3055555555555556,
                "text_background: multi_colored": 0.14439680959281556,
                "text_background: single_colored": 0.13697463535864812,
                "text_background: white": 0.10345474672971698,
                "text_language: text_en_ch_mixed": 0.10482900753755116,
                "text_language: text_english": 0.04510373583093631,
                "text_language: text_simplified_chinese": 0.13094269707388306,
                "text_rotate: horizontal": 0.7445737219325986,
                "text_rotate: normal": 0.10402622067857081,
                "text_rotate: rotate270": 0.9999871967223609
            },
            "sample_count": {
                "equation_language: equation_ch": 5,
                "equation_language: equation_en": 2,
                "formula_type: handwriting": 3,
                "formula_type: print": 4,
                "text_background: multi_colored": 977,
                "text_background: single_colored": 550,
                "text_background: white": 9235,
                "text_language: text_en_ch_mixed": 254,
                "text_language: text_english": 2686,
                "text_language: text_simplified_chinese": 7823,
                "text_rotate: horizontal": 43,
                "text_rotate: normal": 10684,
                "text_rotate: rotate270": 30
            }
        },
        "page": {
            "Edit_dist": {
                "ALL": 0.0744885186449411,
                "None": 0.04386517444231519,
                "colorful_backgroud": 0.07243953180822253,
                "data_source: PPT2PDF": 0.077638434740568,
                "data_source: academic_literature": 0.028694280288867134,
                "data_source: book": 0.026684077070989038,
                "data_source: colorful_textbook": 0.08927591069300209,
                "data_source: exam_paper": 0.09847712320131127,
                "data_source: magazine": 0.0453841361838042,
                "data_source: newspaper": 0.10482032595997323,
                "data_source: note": 0.1484045704192919,
                "data_source: research_report": 0.014242994682118159,
                "fuzzy_scan": 0.07780367011672222,
                "language: en_ch_mixed": 0.13429323105998373,
                "language: english": 0.03259354229937563,
                "language: simplified_chinese": 0.08655955900877416,
                "layout: 1andmore_column": 0.027500187385027318,
                "layout: double_column": 0.06347178129632687,
                "layout: other_layout": 0.11628656392325978,
                "layout: single_column": 0.07489462244397206,
                "layout: three_column": 0.03378769317983112,
                "watermark": 0.11161695116292468
            }
        }
    },
    "display_formula": {
        "all": {
            "Edit_dist": {
                "ALL_page_avg": 0.27313991435641366,
                "edit_whole": 0.2484264913104744,
                "edit_sample_avg": 0.19497470319933213
            }
        },
        "group": {
            "Edit_dist": {
                "equation_language: equation_ch": 0.3881267822707539,
                "equation_language: equation_en": 0.19009164502056028,
                "formula_type: handwriting": 0.5347222222222222,
                "formula_type: print": 0.1940413308943242
            },
            "sample_count": {
                "equation_language: equation_ch": 9,
                "equation_language: equation_en": 356,
                "formula_type: handwriting": 1,
                "formula_type: print": 364
            }
        },
        "page": {
            "Edit_dist": {
                "ALL": 0.2731399143564137,
                "None": 0.17260204889589703,
                "colorful_backgroud": 0.3467551538475228,
                "data_source: PPT2PDF": 0.6067006982338791,
                "data_source: academic_literature": 0.1657742427732193,
                "data_source: book": 0.21533381959767403,
                "data_source: colorful_textbook": 0.2377507929396551,
                "data_source: exam_paper": 0.32062867669914147,
                "fuzzy_scan": 0.5182662118861645,
                "language: english": 0.1607123592612501,
                "language: simplified_chinese": 0.34567382086942244,
                "layout: 1andmore_column": 0.29428557822182155,
                "layout: double_column": 0.31764260419137225,
                "layout: other_layout": 0.20486112177789978,
                "layout: single_column": 0.26033656333567773,
                "layout: three_column": 0.21794478936580466,
                "watermark": 0.47606173976531596
            }
        }
    },
    "table": {
        "all": {
            "TEDS": {
                "all": 0.8692264776336368
            },
            "TEDS_structure_only": {
                "all": 0.906609476214847
            },
            "Edit_dist": {
                "ALL_page_avg": 0.10240649473009238,
                "edit_whole": 0.17576243804814107,
                "edit_sample_avg": 0.10461958809935898
            }
        },
        "group": {
            "Edit_dist": {
                "include_background: False": 0.10577722345178678,
                "include_background: True": 0.10228801267122968,
                "include_equation: False": 0.08703536159754284,
                "include_equation: True": 0.17994954607627503,
                "include_photo: False": 0.10461958809935902,
                "language: table_en": 0.1427958472015666,
                "language: table_en_ch_mixed": 0.10625692877302123,
                "language: table_simplified_chinese": 0.08738758362501685,
                "line: fewer_line": 0.12665453263866752,
                "line: full_line": 0.08342930053848818,
                "line: less_line": 0.12868256372456421,
                "line: wireless_line": 0.07697441766631766,
                "table_layout: horizontal": 0.09234631644977369,
                "table_layout: vertical": 0.8427692115958486,
                "with_span: False": 0.07970280146362786,
                "with_span: True": 0.15079869933091405,
                "with_structured_text: False": 0.09836616043573992,
                "with_structured_text: True": 0.2767972964376694
            },
            "TEDS": {
                "include_background: False": 0.8697211751758497,
                "include_background: True": 0.8682301149781948,
                "include_equation: False": 0.8890949517350157,
                "include_equation: True": 0.7841109157425462,
                "include_photo: False": 0.8692264776336368,
                "language: table_en": 0.8115594027531184,
                "language: table_en_ch_mixed": 0.9021357348076439,
                "language: table_simplified_chinese": 0.8933940100094138,
                "line: fewer_line": 0.8351923687032469,
                "line: full_line": 0.9030541011585573,
                "line: less_line": 0.8301964607109352,
                "line: wireless_line": 0.9040987804455168,
                "table_layout: horizontal": 0.8823497971641872,
                "table_layout: vertical": 0.07995254586767474,
                "with_span: False": 0.9000205812168596,
                "with_span: True": 0.8121547389927325,
                "with_structured_text: False": 0.8728207688487943,
                "with_structured_text: True": 0.7702636595096382
            },