{
    "text_block": {
        "all": {
            "Edit_dist": {
                "ALL_page_avg": 0.3823211833415455,
                "edit_whole": 0.2947792394661643,
                "edit_sample_avg": 0.4689404799954417
            }
        },
        "group": {
            "Edit_dist": {
                "equation_language: equation_ch": 0.7481973156100298,
                "equation_language: equation_en": 0.9718267210480781,
                "formula_type: handwriting": 0.5957446808510638,
                "formula_type: print": 0.9730891077231782,
                "text_background: multi_colored": 0.642783906283484,
                "text_background: single_colored": 0.5677820387129885,
                "text_background: white": 0.4569476352955837,
                "text_language: text_en_ch_mixed": 0.45888427667481985,
                "text_language: text_english": 0.3274862866530586,
                "text_language: text_simplified_chinese": 0.5331056402447866,
                "text_rotate: horizontal": 0.7554395452690252,
                "text_rotate: normal": 0.47685746180793265,
                "text_rotate: rotate270": 1.0
            },
            "sample_count": {
                "equation_language: equation_ch": 5,
                "equation_language: equation_en": 6,
                "formula_type: handwriting": 3,
                "formula_type: print": 8,
                "text_background: multi_colored": 962,
                "text_background: single_colored": 532,
                "text_background: white": 9042,
                "text_language: text_en_ch_mixed": 253,
                "text_language: text_english": 2639,
                "text_language: text_simplified_chinese": 7636,
                "text_rotate: horizontal": 43,
                "text_rotate: normal": 10438,
                "text_rotate: rotate270": 30
            }
        },
        "page": {
            "Edit_dist": {
                "ALL": 0.3823211833415455,
                "None": 0.24978725292898135,
                "colorful_backgroud": 0.4713834708316509,
                "data_source: PPT2PDF": 0.5339285012916677,
                "data_source: academic_literature": 0.11088283909729875,
                "data_source: book": 0.25329043919712324,
                "data_source: colorful_textbook": 0.4389442119401319,
                "data_source: exam_paper": 0.5270730476930754,
                "data_source: magazine": 0.3268680086781366,
                "data_source: newspaper": 0.2715184301755712,
                "data_source: note": 0.6030141779684689,
                "data_source: research_report": 0.3104860319838568,
                "fuzzy_scan": 0.5000693471402826,
                "language: en_ch_mixed": 0.5320502246302328,
                "language: english": 0.1612027702654766,
                "language: simplified_chinese": 0.46881537062218176,
                "layout: 1andmore_column": 0.2525474523268381,
                "layout: double_column": 0.31026199224625983,
                "layout: other_layout": 0.37430108745481866,
                "layout: single_column": 0.4647797816048358,
                "layout: three_column": 0.18163063256100878,
                "watermark": 0.5262010018172746
            }
        }
    },
    "display_formula": {
        "all": {
            "Edit_dist": {
                "ALL_page_avg": 0.2655009706979621,
                "edit_whole": 0.253320100193771,
                "edit_sample_avg": 0.19177631395703693
            }
        },
        "group": {
            "Edit_dist": {
                "equation_language: equation_ch": 0.37112195135287956,
                "equation_language: equation_en": 0.18719077209180235,
                "formula_type: handwriting": 0.5347222222222222,
                "formula_type: print": 0.1908236864340781
            },
            "sample_count": {
                "equation_language: equation_ch": 9,
                "equation_language: equation_en": 352,
                "formula_type: handwriting": 1,
                "formula_type: print": 360
            }
        },
        "page": {
            "Edit_dist": {
                "ALL": 0.2655009706979621,
                "None": 0.18603953261772274,
                "colorful_backgroud": 0.2861778966181219,
                "data_source: PPT2PDF": 0.41005104735081854,
                "data_source: academic_literature": 0.18609671284788037,
                "data_source: book": 0.2841465667136718,
                "data_source: colorful_textbook": 0.2123667464573683,
                "data_source: exam_paper": 0.31778456795883325,
                "fuzzy_scan": 0.4350359937161873,
                "language: english": 0.17674251077798564,
                "language: simplified_chinese": 0.32276449322697914,
                "layout: 1andmore_column": 0.262704435973416,
                "layout: double_column": 0.3006024795623757,
                "layout: other_layout": 0.22544788721870876,
                "layout: single_column": 0.2540479664732915,
                "layout: three_column": 0.2208626876286327,
                "watermark": 0.43274411968632504
            }
        }
    },
    "table": {
        "all": {
            "TEDS": {
                "all": 0.8692264776336368
            },
            "TEDS_structure_only": {
                "all": 0.906609476214847
            },
            "Edit_dist": {
                "ALL_page_avg": 0.10240649473009238,
                "edit_whole": 0.17576243804814107,
                "edit_sample_avg": 0.10461958809935898
            }
        },
        "group": {
            "Edit_dist": {
                "include_background: False": 0.10577722345178678,
                "include_background: True": 0.10228801267122968,
                "include_equation: False": 0.08703536159754284,
                "include_equation: True": 0.17994954607627503,
                "include_photo: False": 0.10461958809935902,
                "language: table_en": 0.1427958472015666,
                "language: table_en_ch_mixed": 0.10625692877302123,
                "language: table_simplified_chinese": 0.08738758362501685,
                "line: fewer_line": 0.12665453263866752,
                "line: full_line": 0.08342930053848818,
                "line: less_line": 0.12868256372456421,
                "line: wireless_line": 0.07697441766631766,
                "table_layout: horizontal": 0.09234631644977369,
                "table_layout: vertical": 0.8427692115958486,
                "with_span: False": 0.07970280146362786,
                "with_span: True": 0.15079869933091405,
                "with_structured_text: False": 0.09836616043573992,
                "with_structured_text: True": 0.2767972964376694
            },
            "TEDS": {
                "include_background: False": 0.8697211751758497,
                "include_background: True": 0.8682301149781948,
                "include_equation: False": 0.8890949517350157,
                "include_equation: True": 0.7841109157425462,
                "include_photo: False": 0.8692264776336368,
                "language: table_en": 0.8115594027531184,
                "language: table_en_ch_mixed": 0.9021357348076439,
                "language: table_simplified_chinese": 0.8933940100094138,
                "line: fewer_line": 0.8351923687032469,
                "line: full_line": 0.9030541011585573,
                "line: less_line": 0.8301964607109352,
                "line: wireless_line": 0.9040987804455168,
                "table_layout: horizontal": 0.8823497971641872,
                "table_layout: vertical": 0.07995254586767474,
                "with_span: False": 0.9000205812168596,
                "with_span: True": 0.8121547389927325,
                "with_structured_text: False": 0.8728207688487943,
                "with_structured_text: True": 0.7702636595096382
            },