{
    "text_block": {
        "all": {
            "Edit_dist": {
                "ALL_page_avg": 0.03259354229937564,
                "edit_whole": 0.03702220179228369,
                "edit_sample_avg": 0.03835519762256009
            }
        },
        "group": {
            "Edit_dist": {
                "equation_language: equation_en": 0.5555555555555556,
                "formula_type: print": 0.5555555555555556,
                "text_background: multi_colored": 0.08480046788047145,
                "text_background: single_colored": 0.09836212719160452,
                "text_background: white": 0.029993956108057388,
                "text_language: text_en_ch_mixed": 0.021558919493133016,
                "text_language: text_english": 0.033429298364122194,
                "text_language: text_simplified_chinese": 0.21775034768271886,
                "text_rotate: normal": 0.03600620077840359
            },
            "sample_count": {
                "equation_language: equation_en": 1,
                "formula_type: print": 1,
                "text_background: multi_colored": 76,
                "text_background: single_colored": 154,
                "text_background: white": 2220,
                "text_language: text_en_ch_mixed": 8,
                "text_language: text_english": 2409,
                "text_language: text_simplified_chinese": 35,
                "text_rotate: normal": 2449
            }
        },
        "page": {
            "Edit_dist": {
                "ALL": 0.03259354229937563,
                "None": 0.027096470929282027,
                "colorful_backgroud": 0.04002773622620024,
                "data_source: PPT2PDF": 0.1051948051948052,
                "data_source: academic_literature": 0.028694280288867134,
                "data_source: book": 0.016643919149333733,
                "data_source: colorful_textbook": 0.058039202117932266,
                "data_source: exam_paper": 0.056856904885960076,
                "data_source: magazine": 0.019751939462023783,
                "data_source: newspaper": 0.029775894865288505,
                "fuzzy_scan": 0.04032691894695638,
                "language: english": 0.03259354229937563,
                "layout: 1andmore_column": 0.02178929108414293,
                "layout: double_column": 0.03125057142160156,
                "layout: other_layout": 0.02916630863781036,
                "layout: single_column": 0.053131418854049844,
                "layout: three_column": 0.027055071005640103,
                "watermark": 0.06877490587867409
            }
        }
    },
    "display_formula": {
        "all": {
            "Edit_dist": {
                "ALL_page_avg": 0.1607123592612501,
                "edit_whole": 0.21475003869370066,
                "edit_sample_avg": 0.16809733997168352
            }
        },
        "group": {
            "Edit_dist": {
                "equation_language: equation_en": 0.16809733997168352,
                "formula_type: print": 0.16809733997168352
            },
            "sample_count": {
                "equation_language: equation_en": 226,
                "formula_type: print": 226
            }
        },
        "page": {
            "Edit_dist": {
                "ALL": 0.1607123592612501,
                "None": 0.16308159399439343,
                "colorful_backgroud": 0.20271949858233712,
                "data_source: academic_literature": 0.1657742427732193,
                "data_source: book": 0.1407035567719629,
                "data_source: colorful_textbook": 0.1999910654551619,
                "data_source: exam_paper": 0.12650688863375428,
                "language: english": 0.1607123592612501,
                "layout: 1andmore_column": 0.20744350686498855,
                "layout: double_column": 0.11723089129859825,
                "layout: other_layout": 0.0806728688396582,
                "layout: single_column": 0.16935903732733362,
                "layout: three_column": 0.21794478936580466,
                "watermark": 0.08955223880597014
            }
        }
    },
    "table": {
        "all": {
            "TEDS": {
                "all": 0.8240999071378853
            },
            "TEDS_structure_only": {
                "all": 0.8814506689344417
            },
            "Edit_dist": {
                "ALL_page_avg": 0.15193675454580158,
                "edit_whole": 0.19503703338752854,
                "edit_sample_avg": 0.13566579399648834
            }
        },
        "group": {
            "Edit_dist": {
                "include_background: False": 0.143814135651654,
                "include_background: True": 0.09677598155137983,
                "include_equation: False": 0.07633984431036893,
                "include_equation: True": 0.23330641952155995,
                "include_photo: False": 0.13566579399648837,
                "language: table_en": 0.13884459571528612,
                "language: table_en_ch_mixed": 0.028985507246376812,
                "language: table_simplified_chinese": 0.06538241326068489,
                "line: fewer_line": 0.13606508587815175,
                "line: full_line": 0.057231337840286105,
                "line: less_line": 0.27938418746738247,
                "line: wireless_line": 0.08941315877725936,
                "table_layout: horizontal": 0.1030289594959897,
                "table_layout: vertical": 0.932004555808656,
                "with_span: False": 0.09416808389437448,
                "with_span: True": 0.17917145781322064,
                "with_structured_text: False": 0.13549174298923053,
                "with_structured_text: True": 0.1465439819501046
            },
            "TEDS": {
                "include_background: False": 0.8109434087975934,
                "include_background: True": 0.8868922855801853,
                "include_equation: False": 0.8844922019181949,
                "include_equation: True": 0.7247042553119583,
                "include_photo: False": 0.8240999071378853,
                "language: table_en": 0.8206760583313983,
                "language: table_en_ch_mixed": 0.9578869047619047,
                "language: table_simplified_chinese": 0.8950805463297262,
                "line: fewer_line": 0.8103572592944712,
                "line: full_line": 0.9404881322781541,
                "line: less_line": 0.6694518712296227,
                "line: wireless_line": 0.8722463089911365,
                "table_layout: horizontal": 0.8556638445694699,
                "table_layout: vertical": 0.053939833807221005,
                "with_span: False": 0.88392997644253,
                "with_span: True": 0.7613748344797894,
                "with_structured_text: False": 0.8224435177478351,
                "with_structured_text: True": 0.927624244016009
            },
            "TEDS_structure_only": {
                "include_background: False": 0.8743888193861988,
                "include_background: True": 0.9151549508692366,
                "include_equation: False": 0.9172271130867442,
                "include_equation: True": 0.8225686046004439,
                "include_photo: False": 0.8814506689344417,
                "language: table_en": 0.8781533700422154,
                "language: table_en_ch_mixed": 1.0,
                "language: table_simplified_chinese": 0.9523809523809523,
                "line: fewer_line": 0.8846059064493809,
                "line: full_line": 0.9564263030076594,
                "line: less_line": 0.7289340289340289,
                "line: wireless_line": 0.9283424908424909,
                "table_layout: horizontal": 0.9116144444868963,
                "table_layout: vertical": 0.14545454545454545,
                "with_span: False": 0.9343398324572414,
                "with_span: True": 0.826002352337958,
                "with_structured_text: False": 0.880370206168005,
                "with_structured_text: True": 0.9489795918367347
            },